{"accuracy": [0.12555767595767975, 0.14308476448059082, 0.15933716297149658, 0.1644359529018402, 0.1701720803976059, 0.17718291282653809, 0.18164436519145966, 0.18387508392333984, 0.18961121141910553, 0.19375398755073547], "loss": [3.3778178691864014, 3.280630350112915, 3.2544004917144775, 3.2317538261413574, 3.2103078365325928, 3.1859445571899414, 3.1649482250213623, 3.144981622695923, 3.121128559112549, 3.103731393814087], "val_accuracy": [0.09375, 0.125, 0.125, 0.125, 0.09375, 0.09375, 0.09375, 0.09375, 0.125, 0.125], "val_loss": [3.118565082550049, 3.11161470413208, 3.0747148990631104, 3.0760746002197266, 3.007690906524658, 3.0093164443969727, 2.9947149753570557, 2.9704055786132812, 2.9701499938964844, 2.947161912918091]}