{"accuracy": [0.12715105712413788], "loss": [3.384918451309204], "val_accuracy": [0.0625], "val_loss": [2.728671073913574]}